{
  "_format": "hh-sol-cache-2",
  "files": {
    "/Users/louis/Food_agriculture_supply_chain/src/SmartContracts/Oracles/Price.sol": {
      "lastModificationDate": 1754043650517,
      "contentHash": "3ee5d1d4410cea02ff78ce74bbeacd10",
      "sourceName": "src/SmartContracts/Oracles/Price.sol",
      "solcConfig": {
        "version": "0.8.19",
        "settings": {
          "optimizer": {
            "enabled": true,
            "runs": 1000
          },
          "viaIR": true,
          "outputSelection": {
            "*": {
              "*": [
                "abi",
                "evm.bytecode",
                "evm.deployedBytecode",
                "evm.methodIdentifiers",
                "metadata",
                "devdoc",
                "userdoc",
                "storageLayout",
                "evm.gasEstimates"
              ],
              "": [
                "ast"
              ]
            }
          },
          "metadata": {
            "useLiteralContent": true
          }
        }
      },
      "imports": [
        "@chainlink/contracts/src/v0.8/shared/interfaces/AggregatorV3Interface.sol"
      ],
      "versionPragmas": [
        "^0.8.7"
      ],
      "artifacts": [
        "Price"
      ]
    },
    "/Users/louis/Food_agriculture_supply_chain/node_modules/@chainlink/contracts/src/v0.8/shared/interfaces/AggregatorV3Interface.sol": {
      "lastModificationDate": 1754215945524,
      "contentHash": "64a3f906dc7696aa3c9fa8454b673be7",
      "sourceName": "@chainlink/contracts/src/v0.8/shared/interfaces/AggregatorV3Interface.sol",
      "solcConfig": {
        "version": "0.8.19",
        "settings": {
          "optimizer": {
            "enabled": true,
            "runs": 1000
          },
          "viaIR": true,
          "outputSelection": {
            "*": {
              "*": [
                "abi",
                "evm.bytecode",
                "evm.deployedBytecode",
                "evm.methodIdentifiers",
                "metadata",
                "devdoc",
                "userdoc",
                "storageLayout",
                "evm.gasEstimates"
              ],
              "": [
                "ast"
              ]
            }
          },
          "metadata": {
            "useLiteralContent": true
          }
        }
      },
      "imports": [],
      "versionPragmas": [
        "^0.8.0"
      ],
      "artifacts": [
        "AggregatorV3Interface"
      ]
    },
    "/Users/louis/Food_agriculture_supply_chain/src/SmartContracts/core/ProductBatch.sol": {
      "lastModificationDate": 1754278315064,
      "contentHash": "502bfd6df52aa7730e32610762872ad2",
      "sourceName": "src/SmartContracts/core/ProductBatch.sol",
      "solcConfig": {
        "version": "0.8.19",
        "settings": {
          "optimizer": {
            "enabled": true,
            "runs": 1000
          },
          "viaIR": true,
          "outputSelection": {
            "*": {
              "*": [
                "abi",
                "evm.bytecode",
                "evm.deployedBytecode",
                "evm.methodIdentifiers",
                "metadata",
                "devdoc",
                "userdoc",
                "storageLayout",
                "evm.gasEstimates"
              ],
              "": [
                "ast"
              ]
            }
          },
          "metadata": {
            "useLiteralContent": true
          }
        }
      },
      "imports": [
        "../access/AccessControl.sol",
        "../Oracles/Price.sol",
        "../Oracles/Weather.sol",
        "@chainlink/contracts/src/v0.8/shared/interfaces/AggregatorV3Interface.sol"
      ],
      "versionPragmas": [
        "^0.8.19"
      ],
      "artifacts": [
        "ProductBatch"
      ]
    },
    "/Users/louis/Food_agriculture_supply_chain/src/SmartContracts/access/AccessControl.sol": {
      "lastModificationDate": 1754145412562,
      "contentHash": "d0e8e800da456779646f7114525d6dc9",
      "sourceName": "src/SmartContracts/access/AccessControl.sol",
      "solcConfig": {
        "version": "0.8.19",
        "settings": {
          "optimizer": {
            "enabled": true,
            "runs": 1000
          },
          "viaIR": true,
          "outputSelection": {
            "*": {
              "*": [
                "abi",
                "evm.bytecode",
                "evm.deployedBytecode",
                "evm.methodIdentifiers",
                "metadata",
                "devdoc",
                "userdoc",
                "storageLayout",
                "evm.gasEstimates"
              ],
              "": [
                "ast"
              ]
            }
          },
          "metadata": {
            "useLiteralContent": true
          }
        }
      },
      "imports": [],
      "versionPragmas": [
        "^0.8.19"
      ],
      "artifacts": [
        "AccessControl"
      ]
    },
    "/Users/louis/Food_agriculture_supply_chain/src/SmartContracts/Oracles/Weather.sol": {
      "lastModificationDate": 1754098798272,
      "contentHash": "28d4c1e9c13afc8e52035c3c358e0393",
      "sourceName": "src/SmartContracts/Oracles/Weather.sol",
      "solcConfig": {
        "version": "0.8.19",
        "settings": {
          "optimizer": {
            "enabled": true,
            "runs": 1000
          },
          "viaIR": true,
          "outputSelection": {
            "*": {
              "*": [
                "abi",
                "evm.bytecode",
                "evm.deployedBytecode",
                "evm.methodIdentifiers",
                "metadata",
                "devdoc",
                "userdoc",
                "storageLayout",
                "evm.gasEstimates"
              ],
              "": [
                "ast"
              ]
            }
          },
          "metadata": {
            "useLiteralContent": true
          }
        }
      },
      "imports": [
        "@chainlink/contracts/src/v0.8/shared/interfaces/AggregatorV3Interface.sol"
      ],
      "versionPragmas": [
        "^0.8.7"
      ],
      "artifacts": [
        "Weather"
      ]
    },
    "/Users/louis/Food_agriculture_supply_chain/src/SmartContracts/verification/QRCodeVerifier.sol": {
      "lastModificationDate": 1754145412562,
      "contentHash": "7fd9fde4599317e40fb683d76af447e3",
      "sourceName": "src/SmartContracts/verification/QRCodeVerifier.sol",
      "solcConfig": {
        "version": "0.8.19",
        "settings": {
          "optimizer": {
            "enabled": true,
            "runs": 1000
          },
          "viaIR": true,
          "outputSelection": {
            "*": {
              "*": [
                "abi",
                "evm.bytecode",
                "evm.deployedBytecode",
                "evm.methodIdentifiers",
                "metadata",
                "devdoc",
                "userdoc",
                "storageLayout",
                "evm.gasEstimates"
              ],
              "": [
                "ast"
              ]
            }
          },
          "metadata": {
            "useLiteralContent": true
          }
        }
      },
      "imports": [
        "./ProvenanceTracker.sol",
        "../core/ProductBatch.sol",
        "../core/Registry.sol",
        "../access/AccessControl.sol",
        "../Oracles/Weather.sol"
      ],
      "versionPragmas": [
        "^0.8.19"
      ],
      "artifacts": [
        "QRCodeVerifier"
      ]
    },
    "/Users/louis/Food_agriculture_supply_chain/src/SmartContracts/core/Registry.sol": {
      "lastModificationDate": 1754278315064,
      "contentHash": "6bd9fca03f292d2e673cbb9b8d06bfb4",
      "sourceName": "src/SmartContracts/core/Registry.sol",
      "solcConfig": {
        "version": "0.8.19",
        "settings": {
          "optimizer": {
            "enabled": true,
            "runs": 1000
          },
          "viaIR": true,
          "outputSelection": {
            "*": {
              "*": [
                "abi",
                "evm.bytecode",
                "evm.deployedBytecode",
                "evm.methodIdentifiers",
                "metadata",
                "devdoc",
                "userdoc",
                "storageLayout",
                "evm.gasEstimates"
              ],
              "": [
                "ast"
              ]
            }
          },
          "metadata": {
            "useLiteralContent": true
          }
        }
      },
      "imports": [
        "../access/AccessControl.sol",
        "./ProductBatch.sol",
        "../verification/ProvenanceTracker.sol",
        "../verification/QRCodeVerifier.sol",
        "../verification/PublicVerification.sol"
      ],
      "versionPragmas": [
        "^0.8.19"
      ],
      "artifacts": [
        "Registry"
      ]
    },
    "/Users/louis/Food_agriculture_supply_chain/src/SmartContracts/verification/ProvenanceTracker.sol": {
      "lastModificationDate": 1754098798273,
      "contentHash": "1a6fa589695e92bb63528b7177a99379",
      "sourceName": "src/SmartContracts/verification/ProvenanceTracker.sol",
      "solcConfig": {
        "version": "0.8.19",
        "settings": {
          "optimizer": {
            "enabled": true,
            "runs": 1000
          },
          "viaIR": true,
          "outputSelection": {
            "*": {
              "*": [
                "abi",
                "evm.bytecode",
                "evm.deployedBytecode",
                "evm.methodIdentifiers",
                "metadata",
                "devdoc",
                "userdoc",
                "storageLayout",
                "evm.gasEstimates"
              ],
              "": [
                "ast"
              ]
            }
          },
          "metadata": {
            "useLiteralContent": true
          }
        }
      },
      "imports": [
        "../access/AccessControl.sol"
      ],
      "versionPragmas": [
        "^0.8.19"
      ],
      "artifacts": [
        "ProvenanceTracker"
      ]
    },
    "/Users/louis/Food_agriculture_supply_chain/src/SmartContracts/verification/PublicVerification.sol": {
      "lastModificationDate": 1754145412562,
      "contentHash": "e4730435543f05cf9be5b80bd5eb263c",
      "sourceName": "src/SmartContracts/verification/PublicVerification.sol",
      "solcConfig": {
        "version": "0.8.19",
        "settings": {
          "optimizer": {
            "enabled": true,
            "runs": 1000
          },
          "viaIR": true,
          "outputSelection": {
            "*": {
              "*": [
                "abi",
                "evm.bytecode",
                "evm.deployedBytecode",
                "evm.methodIdentifiers",
                "metadata",
                "devdoc",
                "userdoc",
                "storageLayout",
                "evm.gasEstimates"
              ],
              "": [
                "ast"
              ]
            }
          },
          "metadata": {
            "useLiteralContent": true
          }
        }
      },
      "imports": [
        "./QRCodeVerifier.sol",
        "./ProvenanceTracker.sol",
        "../core/Registry.sol"
      ],
      "versionPragmas": [
        "^0.8.19"
      ],
      "artifacts": [
        "PublicVerification"
      ]
    },
    "/Users/louis/Food_agriculture_supply_chain/src/SmartContracts/storage/MetadataManager.sol": {
      "lastModificationDate": 1754098798273,
      "contentHash": "3c525b8acbc21f808946690976dfc6b2",
      "sourceName": "src/SmartContracts/storage/MetadataManager.sol",
      "solcConfig": {
        "version": "0.8.19",
        "settings": {
          "optimizer": {
            "enabled": true,
            "runs": 1000
          },
          "viaIR": true,
          "outputSelection": {
            "*": {
              "*": [
                "abi",
                "evm.bytecode",
                "evm.deployedBytecode",
                "evm.methodIdentifiers",
                "metadata",
                "devdoc",
                "userdoc",
                "storageLayout",
                "evm.gasEstimates"
              ],
              "": [
                "ast"
              ]
            }
          },
          "metadata": {
            "useLiteralContent": true
          }
        }
      },
      "imports": [
        "../access/AccessControl.sol"
      ],
      "versionPragmas": [
        "^0.8.19"
      ],
      "artifacts": [
        "MetadataManager"
      ]
    },
    "/Users/louis/Food_agriculture_supply_chain/src/SmartContracts/storage/FileStorageManager.sol": {
      "lastModificationDate": 1754098798273,
      "contentHash": "bb21968597d9e1150176f2e8032c8fb8",
      "sourceName": "src/SmartContracts/storage/FileStorageManager.sol",
      "solcConfig": {
        "version": "0.8.19",
        "settings": {
          "optimizer": {
            "enabled": true,
            "runs": 1000
          },
          "viaIR": true,
          "outputSelection": {
            "*": {
              "*": [
                "abi",
                "evm.bytecode",
                "evm.deployedBytecode",
                "evm.methodIdentifiers",
                "metadata",
                "devdoc",
                "userdoc",
                "storageLayout",
                "evm.gasEstimates"
              ],
              "": [
                "ast"
              ]
            }
          },
          "metadata": {
            "useLiteralContent": true
          }
        }
      },
      "imports": [
        "../access/AccessControl.sol"
      ],
      "versionPragmas": [
        "^0.8.19"
      ],
      "artifacts": [
        "FileStorageManager"
      ]
    },
    "/Users/louis/Food_agriculture_supply_chain/src/SmartContracts/core/ShipmentTracker.sol": {
      "lastModificationDate": 1754098798273,
      "contentHash": "7086f19764cb729b7b75acbf4e367b77",
      "sourceName": "src/SmartContracts/core/ShipmentTracker.sol",
      "solcConfig": {
        "version": "0.8.19",
        "settings": {
          "optimizer": {
            "enabled": true,
            "runs": 1000
          },
          "viaIR": true,
          "outputSelection": {
            "*": {
              "*": [
                "abi",
                "evm.bytecode",
                "evm.deployedBytecode",
                "evm.methodIdentifiers",
                "metadata",
                "devdoc",
                "userdoc",
                "storageLayout",
                "evm.gasEstimates"
              ],
              "": [
                "ast"
              ]
            }
          },
          "metadata": {
            "useLiteralContent": true
          }
        }
      },
      "imports": [
        "../access/AccessControl.sol",
        "./ProductBatch.sol"
      ],
      "versionPragmas": [
        "^0.8.19"
      ],
      "artifacts": [
        "ShipmentTracker"
      ]
    },
    "/Users/louis/Food_agriculture_supply_chain/src/SmartContracts/core/OfferManager.sol": {
      "lastModificationDate": 1754098798273,
      "contentHash": "c57ff92c2594daeb3ce8194f651f80c4",
      "sourceName": "src/SmartContracts/core/OfferManager.sol",
      "solcConfig": {
        "version": "0.8.19",
        "settings": {
          "optimizer": {
            "enabled": true,
            "runs": 1000
          },
          "viaIR": true,
          "outputSelection": {
            "*": {
              "*": [
                "abi",
                "evm.bytecode",
                "evm.deployedBytecode",
                "evm.methodIdentifiers",
                "metadata",
                "devdoc",
                "userdoc",
                "storageLayout",
                "evm.gasEstimates"
              ],
              "": [
                "ast"
              ]
            }
          },
          "metadata": {
            "useLiteralContent": true
          }
        }
      },
      "imports": [
        "../access/AccessControl.sol",
        "./ProductBatch.sol"
      ],
      "versionPragmas": [
        "^0.8.19"
      ],
      "artifacts": [
        "OfferManager"
      ]
    },
    "/Users/louis/Food_agriculture_supply_chain/src/SmartContracts/access/StakeholderManager.sol": {
      "lastModificationDate": 1754145412562,
      "contentHash": "2521fe0ab250fbc4da94b929c3f6763c",
      "sourceName": "src/SmartContracts/access/StakeholderManager.sol",
      "solcConfig": {
        "version": "0.8.19",
        "settings": {
          "optimizer": {
            "enabled": true,
            "runs": 1000
          },
          "viaIR": true,
          "outputSelection": {
            "*": {
              "*": [
                "abi",
                "evm.bytecode",
                "evm.deployedBytecode",
                "evm.methodIdentifiers",
                "metadata",
                "devdoc",
                "userdoc",
                "storageLayout",
                "evm.gasEstimates"
              ],
              "": [
                "ast"
              ]
            }
          },
          "metadata": {
            "useLiteralContent": true
          }
        }
      },
      "imports": [
        "./AccessControl.sol"
      ],
      "versionPragmas": [
        "^0.8.19"
      ],
      "artifacts": [
        "StakeholderManager"
      ]
    },
    "/Users/louis/Food_agriculture_supply_chain/src/SmartContracts/access/StakeholderRegistry.sol": {
      "lastModificationDate": 1754098798272,
      "contentHash": "c24822ed15aa502c4af0cb04fe50022d",
      "sourceName": "src/SmartContracts/access/StakeholderRegistry.sol",
      "solcConfig": {
        "version": "0.8.19",
        "settings": {
          "optimizer": {
            "enabled": true,
            "runs": 1000
          },
          "viaIR": true,
          "outputSelection": {
            "*": {
              "*": [
                "abi",
                "evm.bytecode",
                "evm.deployedBytecode",
                "evm.methodIdentifiers",
                "metadata",
                "devdoc",
                "userdoc",
                "storageLayout",
                "evm.gasEstimates"
              ],
              "": [
                "ast"
              ]
            }
          },
          "metadata": {
            "useLiteralContent": true
          }
        }
      },
      "imports": [
        "./StakeholderManager.sol"
      ],
      "versionPragmas": [
        "^0.8.19"
      ],
      "artifacts": [
        "StakeholderRegistry"
      ]
    },
    "/Users/louis/Food_agriculture_supply_chain/src/SmartContracts/test/UpdatableWeatherFeed.sol": {
      "lastModificationDate": 1754217991479,
      "contentHash": "971ec7f81673c03a7c9cacdf8d49ee4b",
      "sourceName": "src/SmartContracts/test/UpdatableWeatherFeed.sol",
      "solcConfig": {
        "version": "0.8.19",
        "settings": {
          "optimizer": {
            "enabled": true,
            "runs": 1000
          },
          "viaIR": true,
          "outputSelection": {
            "*": {
              "*": [
                "abi",
                "evm.bytecode",
                "evm.deployedBytecode",
                "evm.methodIdentifiers",
                "metadata",
                "devdoc",
                "userdoc",
                "storageLayout",
                "evm.gasEstimates"
              ],
              "": [
                "ast"
              ]
            }
          },
          "metadata": {
            "useLiteralContent": true
          }
        }
      },
      "imports": [
        "@chainlink/contracts/src/v0.8/shared/interfaces/AggregatorV3Interface.sol"
      ],
      "versionPragmas": [
        "^0.8.19"
      ],
      "artifacts": [
        "UpdatableWeatherFeed"
      ]
    },
    "/Users/louis/Food_agriculture_supply_chain/src/SmartContracts/test/MockOracle.sol": {
      "lastModificationDate": 1754043650519,
      "contentHash": "522f991972ba9f1df5e0e2bce530d622",
      "sourceName": "src/SmartContracts/test/MockOracle.sol",
      "solcConfig": {
        "version": "0.8.19",
        "settings": {
          "optimizer": {
            "enabled": true,
            "runs": 1000
          },
          "viaIR": true,
          "outputSelection": {
            "*": {
              "*": [
                "abi",
                "evm.bytecode",
                "evm.deployedBytecode",
                "evm.methodIdentifiers",
                "metadata",
                "devdoc",
                "userdoc",
                "storageLayout",
                "evm.gasEstimates"
              ],
              "": [
                "ast"
              ]
            }
          },
          "metadata": {
            "useLiteralContent": true
          }
        }
      },
      "imports": [
        "@chainlink/contracts/src/v0.8/shared/interfaces/AggregatorV3Interface.sol"
      ],
      "versionPragmas": [
        "^0.8.0"
      ],
      "artifacts": [
        "MockOracle"
      ]
    },
    "/Users/louis/Food_agriculture_supply_chain/src/SmartContracts/test/MockV3Aggregator.sol": {
      "lastModificationDate": 1754043650519,
      "contentHash": "d63dc90a917a1e18d598f7a5e60e0bc9",
      "sourceName": "src/SmartContracts/test/MockV3Aggregator.sol",
      "solcConfig": {
        "version": "0.8.19",
        "settings": {
          "optimizer": {
            "enabled": true,
            "runs": 1000
          },
          "viaIR": true,
          "outputSelection": {
            "*": {
              "*": [
                "abi",
                "evm.bytecode",
                "evm.deployedBytecode",
                "evm.methodIdentifiers",
                "metadata",
                "devdoc",
                "userdoc",
                "storageLayout",
                "evm.gasEstimates"
              ],
              "": [
                "ast"
              ]
            }
          },
          "metadata": {
            "useLiteralContent": true
          }
        }
      },
      "imports": [],
      "versionPragmas": [
        "^0.8.0"
      ],
      "artifacts": [
        "MockV3Aggregator"
      ]
    }
  }
}
